key,actual_F,avg_F,avgDifference,minValue_F,minValueRank_F,maxValue_F,maxValueRank_F,ticker
dy,"6,31%","4,11%",53.376636288318146,"2,54%",2017,"6,31%",2024,ABEV3
p_l,"12,57","21,89",-42.57993176022818,"12,57",2024,"46,01",2017,ABEV3
p_vp,"2,02","4,32",-53.18655851680185,"2,02",2024,"7,27",2017,ABEV3
p_ebita,"7,24","11,73",-38.27192062802056,"7,24",2024,"16,25",2017,ABEV3
p_ebit,"9,77","14,81",-33.99096460430701,"9,77",2024,"20,21",2017,ABEV3
p_sr,"2,29","4,65",-50.62492294867354,"2,29",2024,"6,98",2017,ABEV3
p_ativo,"1,32","2,48",-46.66832923193152,"1,32",2024,"3,85",2017,ABEV3
p_capitlgiro,"49,18","66,68",-26.245399470532686,"-1.014,69",2021,"2.004,30",2018,ABEV3
p_ativocirculante,"-1,82","-3,46",47.445466643522536,"-5,38",2017,"-1,82",2024,ABEV3
ev_ebitda,"6,69","11,26",-40.58838396276615,"6,69",2024,"15,87",2017,ABEV3
ev_ebit,"9,03","14,20",-36.42020675897496,"9,03",2024,"19,74",2017,ABEV3
lpa,"0,92","0,78",17.82011148479594,"0,46",2017,"0,96",2023,ABEV3
vpa,"5,73","4,15",38.099454876629395,"2,69",2014,"5,73",2023,ABEV3
peg_Ratio,"-7,66","3,50",-318.6418342674398,"-7,66",2024,"20,78",2016,ABEV3
dividaliquida_patrimonioliquido,"-0,15","0,07",-325.80645161290323,"-0,21",2015,"3,00",2010,ABEV3
dividaliquida_ebitda,"-0,55","-0,47",-17.437722419928825,"-0,69",2021,"-0,13",2016,ABEV3
dividaliquida_ebit,"-0,75","5,27",-114.2353579175705,"-1,96",2011,"82,70",2010,ABEV3
patrimonio_ativo,"0,65","0,57",13.607990012484395,"0,23",2010,"0,74",2011,ABEV3
passivo_ativo,"0,34","0,42",-18.353344768439108,"0,26",2011,"0,77",2010,ABEV3
liquidezcorrente,"1,11","0,93",19.67654986522911,"0,14",2010,"1,20",2013,ABEV3
margembruta,"50,66%","59,09%",-14.264141118271171,"49,29%",2022,"67,55%",2012,ABEV3
margemebitda,"31,67%","40,48%",-21.75416924027177,"29,63%",2022,"50,02%",2013,ABEV3
margemebit,"23,47%","32,65%",-28.11130483954573,"22,15%",2022,"44,02%",2013,ABEV3
margemliquida,"18,25%","21,81%",-16.340491554709264,"15,18%",2017,"31,68%",2014,ABEV3
roe,"16,07%","17,78%",-9.635699080210467,"3,65%",2010,"28,58%",2014,ABEV3
roa,"10,52%","10,34%",1.7337846238861643,"0,82%",2010,"16,72%",2014,ABEV3
roic,"18,85%","21,22%",-11.174688657017839,"0,85%",2010,"32,25%",2016,ABEV3
giro_ativos,"0,58","0,46",27.272727272727273,"0,00",2011,"0,58",2024,ABEV3
receitas_cagr5,"9,68%","8,35%",15.893445076324454,"4,56%",2020,"10,72%",2022,ABEV3
lucros_cagr5,"5,69%","49,67%",-88.5443929937588,"-1,74%",2020,"249,09%",2015,ABEV3
dy,"19,47%","14,16%",37.52410070579836,"0,00%",2020,"68,48%",2022,PETR4
p_l,"4,18","-26,89",115.5512332892193,"-470,89",2017,"52,01",2020,PETR4
p_vp,"1,20","0,89",34.70109260770104,"0,34",2015,"1,33",2019,PETR4
p_ebita,"1,90","3,68",-48.442018781622366,"0,88",2022,"14,92",2014,PETR4
p_ebit,"2,53","3,60",-29.659958747987524,"-6,63",2015,"11,77",2016,PETR4
p_sr,"0,99","0,84",18.44285067061026,"0,27",2015,"1,36",2020,PETR4
p_ativo,"0,46","0,33",37.53020421255212,"0,10",2015,"0,47",2023,PETR4
p_capitlgiro,"40,56","-34,98",215.9632724788218,"-470,68",2022,"61,25",2020,PETR4
p_ativocirculante,"-0,54","-0,40",-36.0291491033793,"-0,59",2011,"-0,12",2015,PETR4
ev_ebitda,"2,81","9,10",-69.09777904703324,"1,57",2022,"46,75",2014,PETR4
ev_ebit,"3,76","4,85",-22.608508771671577,"-37,42",2015,"31,76",2016,PETR4
lpa,"8,99","3,44",161.18329711926984,"-2,67",2015,"14,44",2022,PETR4
vpa,"31,25","24,69",26.582674759548475,"19,18",2016,"31,25",2024,PETR4
peg_Ratio,"-0,11","0,59",-118.77912002150687,"-0,33",2012,"4,85",2017,PETR4
dividaliquida_patrimonioliquido,"0,56","0,75",-25.333333333333332,"0,20",2010,"1,54",2015,PETR4
dividaliquida_ebitda,"0,88","5,35",-83.54920550140206,"0,62",2022,"32,19",2014,PETR4
dividaliquida_ebit,"1,17","1,21",-3.6803874092009687,"-29,73",2015,"19,06",2016,PETR4
patrimonio_ativo,"0,38","0,40",-5.555555555555555,"0,28",2015,"0,59",2010,PETR4
passivo_ativo,"0,62","0,59",4.356435643564357,"0,40",2010,"0,71",2015,PETR4
liquidezcorrente,"1,08","1,41",-23.179916317991633,"0,95",2023,"1,91",2010,PETR4
margembruta,"52,07%","37,44%",39.0671149374725,"22,92%",2013,"52,10%",2022,PETR4
margemebitda,"52,20%","33,67%",55.037444046078456,"2,60%",2014,"60,50%",2021,PETR4
margemebit,"39,10%","20,63%",89.49198928103084,"-6,50%",2014,"46,58%",2021,PETR4
margemliquida,"23,67%","10,65%",122.35177101176991,"-10,83%",2015,"29,37%",2022,PETR4
roe,"28,77%","12,84%",123.98333028027112,"-13,68%",2015,"51,94%",2022,PETR4
roa,"10,99%","5,45%",101.76025917926566,"-3,87%",2015,"19,28%",2022,PETR4
roic,"19,56%","10,05%",94.61547465761443,"-3,90%",2014,"32,28%",2022,PETR4
giro_ativos,"0,46","0,44",4.825737265415549,"0,28",2020,"0,74",2008,PETR4
receitas_cagr5,"17,72%","7,50%",136.21417462786047,"-3,29%",2020,"17,72%",2024,PETR4
lucros_cagr5,"0,00%","-2,35%",0.0,"-6,50%",2013,"1,81%",2018,PETR4
dy,"11,57%","6,70%",72.6507826016508,"0,65%",2016,"18,79%",2021,VALE3
p_l,"7,08","131,77",-94.6242539498336,"-42,22",2019,"1.664,73",2013,VALE3
p_vp,"1,46","1,54",-5.07233293984214,"0,52",2015,"2,49",2020,VALE3
p_ebita,"3,49","5,80",-39.77901029042637,"2,63",2021,"14,32",2019,VALE3
p_ebit,"4,33","14,20",-69.50776181702122,"-2,39",2015,"125,75",2019,VALE3
p_sr,"1,33","1,75",-24.06684850634604,"0,88",2015,"2,49",2012,VALE3
p_ativo,"0,60","0,69",-13.41041298575163,"0,20",2015,"0,97",2020,VALE3
p_capitlgiro,"29,66","17,86",66.02219057890083,"3,55",2015,"68,01",2023,VALE3
p_ativocirculante,"-0,74","-0,86",14.00594161286575,"-1,32",2020,"-0,24",2015,VALE3
ev_ebitda,"4,18","6,36",-34.27951716333459,"2,70",2021,"15,85",2019,VALE3
ev_ebit,"5,19","16,19",-67.9584741189143,"-5,83",2015,"139,25",2019,VALE3
lpa,"8,53","5,56",53.270910463319076,"-8,43",2015,"23,62",2021,VALE3
vpa,"41,24","31,72",30.039595478431476,"24,26",2016,"41,90",2023,VALE3
peg_Ratio,"-0,13","-1,86",92.81254632197322,"-16,84",2013,"0,37",2017,VALE3
dividaliquida_patrimonioliquido,"0,29","0,31",-6.981132075471698,"0,04",2020,"0,75",2015,VALE3
dividaliquida_ebitda,"0,69","0,57",21.764705882352942,"0,07",2021,"1,54",2019,VALE3
dividaliquida_ebit,"0,86","1,85",-53.6020311012377,"-3,45",2015,"13,49",2019,VALE3
patrimonio_ativo,"0,41","0,46",-11.772151898734178,"0,38",2015,"0,59",2011,VALE3
passivo_ativo,"0,57","0,52",8.876404494382022,"0,39",2011,"0,62",2020,VALE3
liquidezcorrente,"1,12","1,73",-35.17194416070821,"1,08",2023,"2,93",2008,VALE3
margembruta,"41,35%","44,71%",-7.511446765959686,"19,57%",2015,"60,05%",2021,VALE3
margemebitda,"38,11%","37,99%",0.315872598052119,"13,24%",2019,"51,84%",2021,VALE3
margemebit,"30,72%","27,39%",12.160130578583393,"-36,67%",2015,"52,09%",2011,VALE3
margemliquida,"18,78%","15,52%",20.991397278963127,"-56,64%",2015,"42,35%",2022,VALE3
roe,"20,68%","15,74%",31.399738366660436,"-33,71%",2015,"63,01%",2021,VALE3
roa,"8,45%","7,27%",16.25930721916478,"-12,79%",2015,"24,29%",2021,VALE3
roic,"18,00%","13,83%",30.179528630987832,"-19,03%",2015,"42,35%",2021,VALE3
giro_ativos,"0,45","0,38",17.692307692307693,"0,23",2015,"0,59",2021,VALE3
receitas_cagr5,"15,85%","11,06%",43.25525344580854,"-1,27%",2015,"25,41%",2021,VALE3
lucros_cagr5,"17,04%","24,49%",-30.430048992923243,"-64,79%",2013,"194,87%",2018,VALE3
dy,"9,66%","9,94%",-2.860017101755445,"8,66%",2023,"11,51%",2022,BRBI11
p_l,"8,37","9,71",-13.81250160837901,"8,37",2024,"10,98",2023,BRBI11
p_vp,"1,74","1,84",-5.392450569203116,"1,57",2022,"2,06",2023,BRBI11
p_ebita,"45,42","25,68",76.92176866332404,"14,64",2021,"45,42",2024,BRBI11
p_ebit,"57,95","31,47",84.12944041867316,"14,84",2021,"57,95",2024,BRBI11
p_sr,"5,14","4,47",15.149378591773125,"1,01",2023,"6,70",2021,BRBI11
p_ativo,"0,13","0,24",-46.312375771524216,"0,13",2024,"0,50",2021,BRBI11
p_capitlgiro,"1,93","1,23",57.27546616725022,"-0,18",2022,"1,94",2021,BRBI11
p_ativocirculante,"-17,23","-14,31",-20.38278080227475,"-39,69",2021,"-0,16",2022,BRBI11
ev_ebitda,"7,17","6,03",18.8169845093143,"5,19",2022,"7,17",2024,BRBI11
ev_ebit,"9,15","12,75",-28.258430932638827,"5,52",2022,"30,50",2023,BRBI11
lpa,"1,63","1,44",13.638420045240995,"1,33",2021,"1,63",2024,BRBI11
vpa,"7,87","7,56",4.067857119245797,"7,33",2021,"7,87",2024,BRBI11
peg_Ratio,"0,38","5,47",-93.13059109956059,"0,38",2024,"10,56",2023,BRBI11
dividaliquida_patrimonioliquido,"-1,46","-1,63",10.350877192982455,"-2,42",2020,"-1,20",2021,BRBI11
dividaliquida_ebitda,"-38,26","-20,15",-89.84452530598743,"-38,26",2024,"-8,90",2021,BRBI11
dividaliquida_ebit,"-48,80","-29,80",-63.76623999232945,"-118,33",2023,"-5,06",2019,BRBI11
patrimonio_ativo,"0,07","0,28",-75.37688442211055,"0,07",2024,"0,56",2019,BRBI11
passivo_ativo,"0,93","0,72",29.940119760479043,"0,44",2019,"0,93",2024,BRBI11
liquidezcorrente,"1,07","1,72",-37.945318972659486,"1,07",2024,"2,77",2019,BRBI11
margembruta,"100,00%","58,45%",71.08639863130881,"3,82%",2020,"100,00%",2024,BRBI11
margemebitda,"11,33%","28,88%",-60.76869806094183,"11,33%",2024,"45,75%",2021,BRBI11
margemebit,"8,88%","18,50%",-52.01111711572609,"4,49%",2023,"45,11%",2021,BRBI11
margemliquida,"61,44%","39,41%",55.91647331786543,"7,25%",2020,"62,87%",2023,BRBI11
roe,"20,74%","21,27%",-2.5114155251141552,"17,82%",2018,"30,21%",2020,BRBI11
roa,"1,53%","6,38%",-76.02954341987467,"1,44%",2023,"13,99%",2019,BRBI11
roic,"-0,20%","10,34%",-101.93423597678917,"-0,34%",2023,"29,93%",2020,BRBI11
giro_ativos,"0,02","0,54",-96.27659574468085,"0,02",2024,"1,61",2020,BRBI11
receitas_cagr5,"-16,03%","-16,03%",0.0,"-16,03%",2024,"-16,03%",2024,BRBI11
lucros_cagr5,"27,88%","26,61%",4.772641863960917,"25,34%",2023,"27,88%",2024,BRBI11
dy,"4,22%","2,82%",49.75052824091337,"1,64%",2021,"4,22%",2024,VAMO3
p_l,"13,91","19,90",-30.08925262701698,"13,91",2024,"29,09",2021,VAMO3
p_vp,"1,77","3,01",-41.34737576517687,"1,77",2024,"4,43",2021,VAMO3
p_ebita,"2,96","6,28",-52.9599961798799,"2,96",2024,"11,15",2021,VAMO3
p_ebit,"3,83","8,20",-53.279141057511936,"3,83",2024,"15,53",2021,VAMO3
p_sr,"1,36","2,50",-45.406330367953885,"1,36",2024,"4,15",2021,VAMO3
p_ativo,"0,40","0,73",-44.72081742181856,"0,40",2024,"1,15",2021,VAMO3
p_capitlgiro,"3,28","-21,28",115.43210891705529,"-95,51",2022,"3,92",2023,VAMO3
p_ativocirculante,"-0,56","-1,15",51.2514072919373,"-2,20",2021,"-0,56",2024,VAMO3
ev_ebitda,"6,29","9,25",-32.03340811417142,"6,29",2024,"13,31",2021,VAMO3
ev_ebit,"8,15","11,98",-31.997027958892332,"8,15",2024,"18,53",2021,VAMO3
lpa,"0,54","0,55",-0.752428291303753,"0,41",2021,"0,65",2022,VAMO3
vpa,"4,29","3,74",14.67463612598699,"2,70",2021,"4,42",2023,VAMO3
peg_Ratio,"-0,87","-0,03",-3240.1872548202605,"-0,87",2024,"0,81",2023,VAMO3
dividaliquida_patrimonioliquido,"1,99","2,13",-6.76730869338886,"0,85",2017,"4,12",2020,VAMO3
dividaliquida_ebitda,"3,33","2,96",12.5,"2,00",2018,"3,88",2016,VAMO3
dividaliquida_ebit,"4,32","4,06",6.4622124863088715,"0,00",2017,"5,90",2016,VAMO3
patrimonio_ativo,"0,23","32,13",-99.2840838348205,"0,12",2020,"287,37",2018,VAMO3
passivo_ativo,"0,77","79,87",-99.0359736249061,"0,65",2017,"712,63",2018,VAMO3
liquidezcorrente,"1,75","1,41",24.21135646687697,"0,00",2017,"4,09",2021,VAMO3
margembruta,"46,88%","40,93%",14.533905206580162,"33,47%",2018,"50,78%",2017,VAMO3
margemebitda,"46,15%","45,52%",1.384007029876977,"37,18%",2021,"64,08%",2016,VAMO3
margemebit,"35,62%","31,42%",13.351248143695637,"23,29%",2018,"42,13%",2016,VAMO3
margemliquida,"9,80%","13,66%",-28.281021304277118,"9,65%",2023,"20,60%",2016,VAMO3
roe,"12,69%","1.310,17%",-99.03142093881186,"12,40%",2023,"11.624,33%",2017,VAMO3
roa,"2,89%","1.069,11%",-99.72968282160834,"2,82%",2023,"5.581,46%",2018,VAMO3
roic,"12,97%","952,82%",-98.63878069827646,"6,60%",2021,"8.492,27%",2017,VAMO3
giro_ativos,"0,29","74,66",-99.61157824242875,"0,24",2016,"464,04",2018,VAMO3
receitas_cagr5,"45,32%","181,43%",-75.02032492317868,"45,32%",2024,"571,04%",2021,VAMO3
lucros_cagr5,"39,70%","163,70%",-75.74757933962552,"39,04%",2023,"523,40%",2021,VAMO3
dy,"6,38%","7,74%",-17.56685268345458,"0,53%",2012,"31,81%",2017,UNIP6
p_l,"9,22","10,66",-13.462238200379947,"1,23",2013,"54,77",2011,UNIP6
p_vp,"2,16","1,80",19.518078015279873,"0,44",2015,"4,26",2021,UNIP6
p_ebita,"5,91","4,82",22.656947646044898,"2,14",2014,"14,23",2011,UNIP6
p_ebit,"8,23","5,05",63.01422801918964,"1,01",2016,"14,51",2011,UNIP6
p_sr,"1,21","1,04",16.471652097662567,"0,42",2015,"2,36",2013,UNIP6
p_ativo,"0,77","0,71",8.940092165898617,"0,16",2016,"1,56",2021,UNIP6
p_capitlgiro,"2,43","7,00",-65.28195297044847,"-31,56",2017,"46,42",2014,UNIP6
p_ativocirculante,"-1,53","-1,21",-26.515424035666054,"-2,86",2021,"-0,24",2016,UNIP6
ev_ebitda,"6,32","5,70",10.845169209188146,"3,03",2021,"18,52",2011,UNIP6
ev_ebit,"8,80","6,04",45.670143788810336,"1,25",2016,"18,88",2011,UNIP6
lpa,"5,18","4,80",7.844009335520943,"0,01",2011,"21,02",2021,UNIP6
vpa,"22,16","13,18",68.15663652257989,"0,45",2011,"27,04",2023,UNIP6
peg_Ratio,"-0,19","0,04",-608.0365949236632,"-0,19",2024,"0,56",2017,UNIP6
dividaliquida_patrimonioliquido,"0,15","0,30",-50.2212389380531,"-0,23",2020,"1,96",2009,UNIP6
dividaliquida_ebitda,"0,40","0,51",-20.972644376899694,"-1,20",2009,"2,64",2014,UNIP6
dividaliquida_ebit,"0,56","5,51",-89.8292771521976,"-0,56",2010,"71,78",2009,UNIP6
patrimonio_ativo,"0,36","0,38",-4.424778761061947,"0,05",2009,"0,54",2012,UNIP6
passivo_ativo,"0,64","0,62",4.008667388949079,"0,46",2012,"0,95",2009,UNIP6
liquidezcorrente,"2,73","1,90",43.80064829821718,"0,96",2017,"3,56",2010,UNIP6
margembruta,"31,49%","38,82%",-18.88724322235817,"26,79%",2019,"46,21%",2013,UNIP6
margemebitda,"20,56%","9,87%",108.35671967570939,"-154,93%",2009,"50,30%",2021,UNIP6
margemebit,"14,76%","33,16%",-55.49021825172453,"2,59%",2009,"208,36%",2013,UNIP6
margemliquida,"13,16%","13,68%",-3.76599634369287,"-165,07%",2009,"192,23%",2013,UNIP6
roe,"23,37%","13,88%",68.32324978392394,"-174,23%",2009,"86,72%",2021,UNIP6
roa,"8,33%","9,04%",-7.8063897292112445,"-9,08%",2009,"31,77%",2021,UNIP6
roic,"8,24%","17,43%",-52.71614384085692,"-1,16%",2009,"50,39%",2021,UNIP6
giro_ativos,"0,63","0,59",6.900452488687783,"0,06",2009,"1,21",2022,UNIP6
receitas_cagr5,"7,14%","30,91%",-76.90135874360331,"7,14%",2024,"79,28%",2018,UNIP6
lucros_cagr5,"2,30%","35,87%",-93.58849273827113,"2,30%",2024,"129,12%",2016,UNIP6
dy,"5,23%","3,95%",32.40939515227688,"2,32%",2020,"5,42%",2023,NEOE3
p_l,"4,73","6,64",-28.759433855785222,"3,97",2022,"13,55",2019,NEOE3
p_vp,"0,77","0,96",-19.588913111180318,"0,70",2022,"1,59",2019,NEOE3
p_ebita,"0,00","5,49",0.0,"5,49",2019,"5,49",2019,NEOE3
p_ebit,"2,15","3,47",-38.06637667924347,"2,01",2022,"7,07",2019,NEOE3
p_sr,"0,51","0,62",-18.332706665950475,"0,44",2022,"1,06",2019,NEOE3
p_ativo,"0,23","0,30",-22.39267189051981,"0,20",2022,"0,56",2019,NEOE3
p_capitlgiro,"18,73","12,12",54.580543282695174,"5,91",2022,"21,25",2023,NEOE3
p_ativocirculante,"-0,30","-0,39",23.034063568443713,"-0,73",2019,"-0,27",2022,NEOE3
ev_ebitda,"0,00","8,87",0.0,"8,87",2019,"8,87",2019,NEOE3
ev_ebit,"5,72","7,53",-24.042981420919897,"5,72",2024,"11,42",2019,NEOE3
lpa,"3,97","1,55",156.6327589786174,"0,05",2016,"4,28",2023,NEOE3
vpa,"24,28","10,73",126.3379735011774,"1,49",2016,"24,28",2024,NEOE3
peg_Ratio,"0,52","0,36",41.62633702966177,"0,21",2023,"0,52",2024,NEOE3
dividaliquida_patrimonioliquido,"1,29","0,84",54.3754674644727,"0,14",2013,"1,38",2021,NEOE3
dividaliquida_ebitda,"0,00","2,80",0.0,"0,66",2013,"4,81",2017,NEOE3
dividaliquida_ebit,"3,57","3,66",-2.409021014864172,"0,88",2010,"6,80",2017,NEOE3
patrimonio_ativo,"0,30","0,39",-22.455573505654282,"0,28",2021,"0,53",2010,NEOE3
passivo_ativo,"0,70","0,60",17.523609653725078,"0,43",2010,"0,72",2021,NEOE3
liquidezcorrente,"1,06","1,45",-26.77029360967185,"0,76",2016,"2,49",2011,NEOE3
margembruta,"27,49%","26,65%",3.164067081036707,"17,64%",2017,"39,50%",2009,NEOE3
margemebitda,"0,00%","19,17%",0.0,"13,57%",2012,"31,97%",2010,NEOE3
margemebit,"23,60%","17,73%",33.14058037445788,"9,96%",2015,"30,44%",2009,NEOE3
margemliquida,"10,70%","9,53%",12.29174865538502,"1,98%",2017,"22,24%",2009,NEOE3
roe,"16,36%","11,70%",39.881365895366855,"2,64%",2017,"20,03%",2009,NEOE3
roa,"4,95%","4,58%",8.049113233287859,"0,96%",2017,"10,56%",2009,NEOE3
roic,"12,66%","9,30%",36.19310159349156,"5,44%",2017,"13,93%",2009,NEOE3
giro_ativos,"0,46","0,49",-6.8354430379746836,"0,45",2023,"0,56",2018,NEOE3
receitas_cagr5,"15,85%","15,05%",5.290174527447309,"8,39%",2014,"23,82%",2021,NEOE3
lucros_cagr5,"64,04%","23,76%",169.5595607086825,"-29,51%",2015,"66,92%",2021,NEOE3
dy,"4,52%","14,03%",-67.75905589442362,"0,97%",2015,"60,58%",2014,ELET6
p_l,"21,18","7,29",190.39408167561825,"-17,41",2017,"33,85",2023,ELET6
p_vp,"0,83","0,61",35.6348536036036,"0,20",2014,"0,96",2023,ELET6
p_ebita,"5,57","-1,27",538.5087466233051,"-61,71",2014,"11,02",2022,ELET6
p_ebit,"6,96","3,67",89.43187013062804,"-5,66",2014,"12,88",2022,ELET6
p_sr,"2,54","1,43",77.69535336546885,"0,37",2014,"3,08",2023,ELET6
p_ativo,"0,35","0,23",54.55943748626675,"0,08",2014,"0,39",2023,ELET6
p_capitlgiro,"5,66","2,51",125.11107005301233,"-18,77",2016,"10,56",2015,ELET6
p_ativocirculante,"-0,42","-0,29",-46.04774666240503,"-0,50",2023,"-0,10",2014,ELET6
ev_ebitda,"7,65","-14,44",152.93576959983014,"-241,04",2014,"18,15",2017,ELET6
ev_ebit,"9,54","4,08",133.69173119111014,"-22,09",2014,"16,98",2022,ELET6
lpa,"1,90","0,83",128.9548107587701,"-10,68",2015,"9,80",2018,ELET6
vpa,"48,80","44,48",9.709733822034998,"31,12",2015,"56,81",2011,ELET6
peg_Ratio,"0,10","-0,07",241.11006822949864,"-1,07",2023,"0,22",2013,ELET6
dividaliquida_patrimonioliquido,"0,38","0,51",-26.034063260340634,"0,20",2009,"0,93",2015,ELET6
dividaliquida_ebitda,"2,58","-14,29",118.05879608026132,"-193,77",2014,"10,56",2017,ELET6
dividaliquida_ebit,"3,21","0,95",238.3399209486166,"-17,76",2014,"6,06",2011,ELET6
patrimonio_ativo,"0,43","0,39",10.43338683788122,"0,24",2017,"0,50",2009,ELET6
passivo_ativo,"0,57","0,61",-6.365503080082136,"0,50",2009,"0,75",2017,ELET6
liquidezcorrente,"1,57","1,55",1.4539579967689822,"0,94",2016,"2,17",2009,ELET6
margembruta,"47,75%","65,76%",-27.392300162511997,"45,82%",2014,"86,10%",2011,ELET6
margemebitda,"45,50%","24,44%",86.17021276595744,"-32,84%",2015,"72,52%",2018,ELET6
margemebit,"36,45%","16,06%",126.95256255594039,"-38,49%",2015,"73,22%",2018,ELET6
margemliquida,"11,97%","5,10%",134.878587196468,"-44,31%",2015,"53,10%",2018,ELET6
roe,"3,90%","1,21%",222.81427832384895,"-34,31%",2015,"23,88%",2018,ELET6
roa,"1,66%","0,62%",169.64467005076142,"-9,65%",2015,"7,32%",2018,ELET6
roic,"5,89%","2,34%",151.44076840981856,"-14,74%",2015,"14,13%",2018,ELET6
giro_ativos,"0,14","0,18",-23.549488054607508,"0,13",2022,"0,35",2016,ELET6
receitas_cagr5,"8,27%","2,20%",276.37567232105914,"-10,51%",2021,"12,20%",2016,ELET6
lucros_cagr5,"-19,84%","-7,57%",-162.0006602839221,"-19,84%",2024,"10,51%",2021,ELET6
dy,"1,22%","0,78%",56.16069136647557,"0,16%",2022,"1,22%",2024,TTEN3
p_l,"7,67","9,13",-15.999200628546868,"7,67",2024,"11,17",2021,TTEN3
p_vp,"1,40","1,77",-20.838624114675923,"1,40",2024,"2,15",2021,TTEN3
p_ebita,"8,33","9,81",-15.155838762360219,"8,12",2022,"12,75",2021,TTEN3
p_ebit,"9,32","10,60",-12.085072268986819,"8,62",2022,"13,60",2021,TTEN3
p_sr,"0,49","0,70",-30.27077230835179,"0,49",2024,"0,90",2021,TTEN3
p_ativo,"0,65","0,85",-24.029688737641916,"0,65",2024,"1,09",2021,TTEN3
p_capitlgiro,"2,86","3,29",-13.060926669098869,"2,86",2024,"4,09",2023,TTEN3
p_ativocirculante,"-1,86","-2,89",35.7035345409249,"-4,62",2021,"-1,86",2024,TTEN3
ev_ebitda,"8,89","9,90",-10.229590291379763,"8,50",2022,"11,98",2021,TTEN3
ev_ebit,"9,96","10,71",-7.038090991645054,"9,02",2022,"12,77",2021,TTEN3
lpa,"1,26","1,13",11.110131770305408,"0,87",2021,"1,26",2024,TTEN3
vpa,"6,89","5,86",17.568109145171604,"4,53",2021,"6,89",2024,TTEN3
peg_Ratio,"5,33","2,88",84.7638245772264,"0,44",2023,"5,33",2024,TTEN3
dividaliquida_patrimonioliquido,"0,10","0,31",-67.56756756756756,"-0,13",2021,"0,65",2019,TTEN3
dividaliquida_ebitda,"0,57","0,06",850.0,"-0,77",2021,"0,57",2024,TTEN3
dividaliquida_ebit,"0,63","0,72",-12.5,"-0,82",2021,"1,76",2019,TTEN3
patrimonio_ativo,"0,46","0,38",21.05263157894737,"0,26",2019,"0,51",2021,TTEN3
passivo_ativo,"0,54","0,62",-12.903225806451612,"0,49",2021,"0,74",2019,TTEN3
liquidezcorrente,"1,53","1,40",9.54653937947494,"1,04",2018,"1,83",2021,TTEN3
margembruta,"15,06%","14,74%",2.1610621184223278,"13,13%",2021,"16,07%",2020,TTEN3
margemebitda,"5,86%","7,07%",-17.114568599717114,"5,86%",2024,"8,29%",2022,TTEN3
margemebit,"5,24%","7,13%",-26.507713884992988,"4,91%",2023,"10,52%",2020,TTEN3
margemliquida,"6,36%","7,01%",-9.290953545232274,"5,43%",2019,"8,30%",2022,TTEN3
roe,"18,29%","27,41%",-33.26441255169058,"18,29%",2024,"41,82%",2018,TTEN3
roa,"8,44%","9,63%",-12.326869806094184,"7,93%",2019,"11,59%",2018,TTEN3
roic,"8,28%","16,01%",-48.28232354778264,"8,28%",2024,"24,12%",2018,TTEN3
giro_ativos,"1,33","1,37",-2.9197080291970803,"1,13",2022,"1,75",2018,TTEN3
receitas_cagr5,"36,65%","36,65%",0.0,"36,65%",2024,"36,65%",2024,TTEN3
lucros_cagr5,"38,06%","36,86%",3.2555615843733046,"35,66%",2023,"38,06%",2024,TTEN3
dy,"5,16%","2,88%",79.3441564889286,"0,74%",2020,"8,24%",2015,LREN3
p_l,"11,91","23,69",-49.74697294622983,"3,76",2015,"40,49",2019,LREN3
p_vp,"1,26","4,87",-74.12291512611947,"0,94",2015,"9,46",2019,LREN3
p_ebita,"5,98","12,02",-50.282824249683905,"1,82",2015,"21,04",2020,LREN3
p_ebit,"12,83","18,46",-30.516488235954142,"2,33",2015,"40,46",2020,LREN3
p_sr,"0,92","2,34",-60.60322520671862,"0,35",2015,"4,64",2019,LREN3
p_ativo,"0,67","1,95",-65.67894437409386,"0,37",2015,"3,77",2019,LREN3
p_capitlgiro,"2,98","9,03",-66.96799324724681,"1,55",2015,"23,57",2019,LREN3
p_ativocirculante,"-1,55","-5,39",71.31510716678717,"-10,46",2018,"-1,02",2015,LREN3
ev_ebitda,"5,50","12,30",-55.293334526009836,"2,79",2015,"21,47",2020,LREN3
ev_ebit,"11,80","18,66",-36.775109654998204,"3,58",2015,"41,29",2020,LREN3
lpa,"1,11","1,96",-43.3788256565038,"0,64",2021,"4,54",2015,LREN3
vpa,"10,49","9,48",10.60581858293726,"4,12",2016,"18,14",2015,LREN3
peg_Ratio,"-1,75","1,22",-243.21592498398405,"-1,75",2024,"5,02",2012,LREN3
dividaliquida_patrimonioliquido,"-0,10","0,18",-154.31309904153355,"-0,25",2021,"0,66",2013,LREN3
dividaliquida_ebitda,"-0,48","0,32",-247.97687861271677,"-1,43",2021,"1,20",2013,LREN3
dividaliquida_ebit,"-1,03","0,22",-568.1818181818181,"-3,05",2021,"1,51",2013,LREN3
patrimonio_ativo,"0,53","0,42",26.013986013986013,"0,33",2013,"0,53",2024,LREN3
passivo_ativo,"0,47","0,58",-18.883248730964468,"0,47",2024,"0,67",2013,LREN3
liquidezcorrente,"1,65","1,61",2.7096301720981324,"1,36",2008,"1,92",2011,LREN3
margembruta,"60,14%","58,33%",3.1082334906611804,"53,17%",2008,"61,09%",2019,LREN3
margemebitda,"15,45%","18,38%",-15.961244263131055,"12,96%",2008,"24,76%",2019,LREN3
margemebit,"7,20%","12,79%",-43.6982520699172,"6,51%",2023,"17,14%",2019,LREN3
margemliquida,"7,76%","9,55%",-18.723430472552522,"5,99%",2021,"14,54%",2020,LREN3
roe,"10,58%","21,42%",-50.600126342387874,"6,46%",2021,"30,16%",2010,LREN3
roa,"5,61%","8,71%",-35.57822210213456,"2,96%",2021,"12,54%",2010,LREN3
roic,"7,97%","13,64%",-41.57143473198499,"6,08%",2021,"19,39%",2019,LREN3
giro_ativos,"0,72","0,92",-21.437740693196407,"0,49",2021,"1,34",2008,LREN3
receitas_cagr5,"10,12%","12,69%",-20.27310924369748,"4,17%",2020,"17,44%",2015,LREN3
lucros_cagr5,"0,94%","12,24%",-92.3213070115725,"-0,88%",2023,"20,19%",2013,LREN3
dy,"12,84%","5,95%",115.81838604146766,"0,82%",2016,"13,80%",2021,CPFE3
p_l,"6,91","13,18",-47.57315431150557,"6,51",2021,"28,48",2016,CPFE3
p_vp,"1,89","2,38",-20.848545474693687,"1,33",2014,"3,23",2012,CPFE3
p_ebita,"2,94","4,34",-32.10096158597448,"2,40",2014,"6,22",2016,CPFE3
p_ebit,"3,56","5,80",-38.623032864508865,"3,43",2014,"9,05",2016,CPFE3
p_sr,"0,97","1,02",-5.068446101761444,"0,53",2014,"1,38",2012,CPFE3
p_ativo,"0,51","0,56",-8.857450992831314,"0,26",2014,"0,82",2019,CPFE3
p_capitlgiro,"-24,95","19,00",-231.3128540667077,"-63,13",2020,"131,72",2019,CPFE3
p_ativocirculante,"-0,67","-0,74",9.465259250666977,"-1,07",2019,"-0,36",2014,CPFE3
ev_ebitda,"4,64","7,28",-36.2385843404242,"4,64",2024,"10,26",2012,CPFE3
ev_ebit,"5,61","9,76",-42.51820797381536,"5,61",2024,"14,66",2016,CPFE3
lpa,"4,87","2,58",88.30128825099617,"0,87",2015,"4,87",2024,CPFE3
vpa,"17,82","11,62",53.38568948302913,"6,63",2012,"17,82",2024,CPFE3
peg_Ratio,"22,32","3,93",467.7053621994312,"-1,96",2015,"22,32",2024,CPFE3
dividaliquida_patrimonioliquido,"1,09","1,50",-27.54466140423764,"0,94",2020,"2,13",2014,CPFE3
dividaliquida_ebitda,"1,70","2,92",-41.833941605839414,"1,69",2022,"4,26",2012,CPFE3
dividaliquida_ebit,"2,05","3,80",-46.07037158829333,"1,98",2023,"5,96",2012,CPFE3
patrimonio_ativo,"0,27","0,25",7.462686567164179,"0,19",2015,"0,34",2009,CPFE3
passivo_ativo,"0,71","0,72",-0.7860262008733624,"0,65",2009,"0,75",2022,CPFE3
liquidezcorrente,"0,92","1,09",-15.596330275229358,"0,84",2017,"1,48",2013,CPFE3
margembruta,"34,79%","26,45%",31.50943841992109,"18,69%",2017,"34,79%",2024,CPFE3
margemebitda,"32,85%","24,19%",35.788690476190474,"18,18%",2017,"32,85%",2024,CPFE3
margemebit,"27,17%","19,17%",41.73649375631704,"12,47%",2017,"27,17%",2024,CPFE3
margemliquida,"14,00%","9,65%",45.09651509262858,"4,20%",2015,"14,59%",2009,CPFE3
roe,"27,31%","21,03%",29.889123391100146,"8,69%",2016,"31,37%",2022,CPFE3
roa,"7,42%","5,43%",36.67971448307622,"2,13%",2015,"8,96%",2009,CPFE3
roic,"17,14%","11,32%",51.3883521943141,"6,99%",2012,"18,94%",2022,CPFE3
giro_ativos,"0,53","0,56",-4.932735426008969,"0,45",2016,"0,68",2019,CPFE3
receitas_cagr5,"7,15%","10,25%",-30.2624578826033,"7,15%",2024,"15,46%",2021,CPFE3
lucros_cagr5,"22,20%","14,42%",54.00138739988648,"-11,52%",2015,"39,43%",2021,CPFE3
dy,"13,67%","10,88%",25.661871537997417,"3,55%",2017,"25,52%",2012,CMIG4
p_l,"5,32","7,95",-33.053430517316855,"3,13",2015,"29,03",2016,CMIG4
p_vp,"1,16","1,17",-1.6048181043922618,"0,59",2015,"1,93",2011,CMIG4
p_ebita,"3,51","3,55",-1.0246074751692593,"1,39",2015,"5,45",2018,CMIG4
p_ebit,"4,16","4,38",-5.000073355492126,"1,64",2015,"8,10",2018,CMIG4
p_sr,"0,79","0,80",-2.0570505251382762,"0,35",2015,"1,44",2011,CMIG4
p_ativo,"0,51","0,41",24.763349197217718,"0,19",2015,"0,61",2011,CMIG4
p_capitlgiro,"14,99","-0,79",1999.5113652815983,"-69,20",2017,"18,05",2013,CMIG4
p_ativocirculante,"-0,69","-0,55",-24.96176676430182,"-0,81",2012,"-0,25",2015,CMIG4
ev_ebitda,"4,62","5,96",-22.55175629207652,"3,55",2015,"9,16",2018,CMIG4
ev_ebit,"5,47","7,44",-26.526881720430108,"4,18",2015,"13,61",2018,CMIG4
lpa,"1,93","2,25",-14.333124986119,"0,27",2016,"5,01",2012,CMIG4
vpa,"8,88","11,33",-21.585943092481813,"8,88",2024,"17,21",2011,CMIG4
peg_Ratio,"-0,32","1,92",-116.60411167629968,"-0,34",2016,"12,95",2023,CMIG4
dividaliquida_patrimonioliquido,"0,28","0,75",-62.732919254658384,"0,28",2024,"1,07",2011,CMIG4
dividaliquida_ebitda,"0,86","2,35",-63.3938706015891,"0,86",2024,"4,99",2016,CMIG4
dividaliquida_ebit,"1,01","2,95",-65.80907244414354,"1,01",2024,"7,30",2016,CMIG4
patrimonio_ativo,"0,44","0,34",28.65497076023392,"0,24",2018,"0,44",2024,CMIG4
passivo_ativo,"0,56","0,66",-14.634146341463415,"0,56",2024,"0,73",2018,CMIG4
liquidezcorrente,"1,15","1,08",6.693174287607687,"0,65",2014,"1,60",2020,CMIG4
margembruta,"22,34%","26,84%",-16.773772934711744,"19,46%",2017,"39,17%",2009,CMIG4
margemebitda,"22,42%","24,24%",-7.49807459566509,"14,06%",2016,"35,17%",2013,CMIG4
margemebit,"18,93%","20,51%",-7.686680889972569,"9,62%",2016,"30,36%",2009,CMIG4
margemliquida,"14,81%","13,70%",8.126853753137121,"1,78%",2016,"30,22%",2012,CMIG4
roe,"21,72%","18,89%",14.997705693410046,"2,59%",2016,"35,47%",2012,CMIG4
roa,"9,61%","6,54%",46.88200529855309,"0,80%",2016,"10,48%",2012,CMIG4
roic,"16,13%","12,05%",33.84411130165404,"5,03%",2019,"19,48%",2021,CMIG4
giro_ativos,"0,65","0,49",31.401617250673855,"0,35",2012,"0,65",2024,CMIG4
receitas_cagr5,"10,60%","8,40%",26.231460430875824,"2,90%",2020,"12,38%",2021,CMIG4
lucros_cagr5,"26,55%","8,41%",215.76386636393124,"-32,67%",2016,"62,18%",2021,CMIG4
dy,"1,85%","3,02%",-38.857675280604255,"1,18%",2013,"4,45%",2019,TUPY3
p_l,"6,83","9,72",-29.74555028900715,"-39,67",2020,"42,61",2012,TUPY3
p_vp,"0,94","1,26",-25.687880935506733,"0,63",2013,"2,38",2012,TUPY3
p_ebita,"2,78","5,40",-48.503872377043756,"2,59",2013,"15,65",2016,TUPY3
p_ebit,"4,04","7,45",-45.81165791977411,"-9,38",2016,"14,96",2012,TUPY3
p_sr,"0,29","0,61",-52.037082789209286,"0,29",2024,"1,06",2012,TUPY3
p_ativo,"0,30","0,48",-36.552406064601186,"0,27",2013,"0,74",2012,TUPY3
p_capitlgiro,"0,95","2,16",-56.083791117876764,"0,95",2024,"8,41",2012,TUPY3
p_ativocirculante,"-0,79","-1,00",21.155754145282977,"-1,44",2019,"-0,49",2013,TUPY3
ev_ebitda,"4,79","6,96",-31.073114479030714,"1,63",2011,"21,87",2016,TUPY3
ev_ebit,"6,96","9,39",-25.84408275022817,"-13,10",2016,"17,81",2017,TUPY3
lpa,"3,30","1,61",104.9510660763245,"-1,26",2016,"3,56",2011,TUPY3
vpa,"24,08","19,15",25.693586513215426,"13,76",2017,"33,29",2013,TUPY3
peg_Ratio,"-0,40","0,86",-146.15124839715972,"-0,63",2012,"8,61",2014,TUPY3
dividaliquida_patrimonioliquido,"0,68","0,31",118.47389558232932,"-0,95",2011,"0,68",2024,TUPY3
dividaliquida_ebitda,"2,02","1,46",38.54595336076817,"-3,09",2011,"6,21",2016,TUPY3
dividaliquida_ebit,"2,93","1,75",67.24937566892615,"-4,06",2011,"3,97",2017,TUPY3
patrimonio_ativo,"0,32","0,39",-17.94871794871795,"0,30",2022,"0,47",2019,TUPY3
passivo_ativo,"0,68","0,61",11.475409836065573,"0,53",2019,"0,70",2022,TUPY3
liquidezcorrente,"2,07","2,10",-1.1933174224343674,"1,31",2012,"2,58",2013,TUPY3
margembruta,"16,98%","17,70%",-4.048663741523733,"14,28%",2016,"23,94%",2008,TUPY3
margemebitda,"10,48%","13,07%",-19.808192623578023,"3,40%",2016,"17,46%",2015,TUPY3
margemebit,"7,21%","7,62%",-5.358659562968111,"-5,67%",2016,"15,46%",2009,TUPY3
margemliquida,"4,26%","4,64%",-8.143074581430746,"-5,57%",2016,"12,81%",2009,TUPY3
roe,"13,71%","9,72%",41.10382091856426,"-9,04%",2016,"21,96%",2008,TUPY3
roa,"4,43%","3,66%",21.203830369357046,"-3,80%",2016,"8,27%",2008,TUPY3
roic,"9,87%","6,34%",55.63220656351631,"-6,16%",2016,"16,03%",2008,TUPY3
giro_ativos,"1,04","0,79",31.95876288659794,"0,56",2009,"1,04",2024,TUPY3
receitas_cagr5,"18,68%","13,44%",39.00533300260449,"4,44%",2020,"22,39%",2022,TUPY3
lucros_cagr5,"11,85%","11,78%",0.556288893079389,"-12,53%",2013,"27,07%",2022,TUPY3
dy,"3,22%","1,07%",199.7374480947918,"0,07%",2016,"3,22%",2024,PNVL3
p_l,"14,20","26,78",-46.98748068163914,"13,47",2011,"58,81",2020,PNVL3
p_vp,"1,28","3,41",-62.30869630728348,"1,28",2024,"7,99",2016,PNVL3
p_ebita,"4,03","11,34",-64.44789843617681,"4,03",2024,"27,26",2016,PNVL3
p_ebit,"8,57","16,88",-49.21876697141318,"8,43",2010,"35,83",2020,PNVL3
p_sr,"0,33","0,67",-51.04888185236493,"0,33",2024,"1,43",2016,PNVL3
p_ativo,"0,48","1,50",-68.09359920522282,"0,48",2024,"3,72",2016,PNVL3
p_capitlgiro,"2,03","5,27",-61.50684238484304,"2,03",2024,"13,87",2016,PNVL3
p_ativocirculante,"-1,22","-5,51",77.78908494248674,"-13,23",2016,"-1,22",2024,PNVL3
ev_ebitda,"6,26","12,67",-50.60545302410761,"6,26",2024,"26,11",2016,PNVL3
ev_ebit,"13,31","18,27",-27.142913094179733,"8,31",2010,"37,99",2020,PNVL3
lpa,"0,72","7,94",-90.93904309849982,"0,37",2020,"17,00",2019,PNVL3
vpa,"7,96","51,21",-84.4576038057272,"6,67",2020,"116,07",2019,PNVL3
peg_Ratio,"0,49","1,19",-58.686657355613626,"-3,53",2015,"7,47",2023,PNVL3
dividaliquida_patrimonioliquido,"0,71","0,24",195.83333333333334,"-0,14",2009,"0,83",2019,PNVL3
dividaliquida_ebitda,"2,23","0,86",158.10185185185185,"-0,41",2009,"2,23",2024,PNVL3
dividaliquida_ebit,"4,74","1,55",206.79611650485438,"-0,47",2009,"5,20",2022,PNVL3
patrimonio_ativo,"0,37","0,44",-16.265912305516267,"0,36",2019,"0,48",2008,PNVL3
passivo_ativo,"0,63","0,56",12.877939529675253,"0,52",2008,"0,64",2019,PNVL3
liquidezcorrente,"1,64","1,72",-4.78955007256894,"1,55",2022,"2,03",2020,PNVL3
margembruta,"31,28%","25,72%",21.639674261140087,"17,16%",2008,"31,28%",2024,PNVL3
margemebitda,"8,18%","6,04%",35.400573824762745,"4,78%",2011,"8,18%",2024,PNVL3
margemebit,"3,85%","3,91%",-1.44556542689354,"1,48%",2008,"4,59%",2018,PNVL3
margemliquida,"2,32%","2,50%",-7.0688030160226205,"1,04%",2008,"3,23%",2013,PNVL3
roe,"9,04%","13,85%",-34.71451139697585,"5,56%",2020,"20,28%",2013,PNVL3
roa,"3,38%","6,16%",-45.14656658890354,"2,56%",2020,"9,41%",2012,PNVL3
roic,"7,47%","13,37%",-44.14431255257501,"5,37%",2020,"20,45%",2009,PNVL3
giro_ativos,"1,45","2,42",-40.17534811758639,"1,28",2020,"3,38",2008,PNVL3
receitas_cagr5,"12,90%","10,18%",26.729431027425296,"6,92%",2018,"13,27%",2013,PNVL3
lucros_cagr5,"7,62%","10,05%",-24.15394824153948,"4,38%",2023,"42,10%",2013,PNVL3
dy,"3,02%","2,38%",27.082544092267543,"0,68%",2021,"3,23%",2022,BLAU3
p_l,"7,80","12,55",-37.87357146272653,"7,80",2024,"20,08",2021,BLAU3
p_vp,"0,92","2,25",-59.13736917618534,"0,92",2024,"3,99",2021,BLAU3
p_ebita,"5,00","8,84",-43.481873837613556,"5,00",2024,"13,67",2021,BLAU3
p_ebit,"5,67","9,43",-39.82842519789443,"5,67",2024,"14,30",2021,BLAU3
p_sr,"1,26","2,89",-56.500846959587925,"1,26",2024,"4,78",2021,BLAU3
p_ativo,"0,59","1,56",-62.37677721320147,"0,59",2024,"2,80",2021,BLAU3
p_capitlgiro,"1,55","3,13",-50.63378989605686,"1,55",2024,"4,82",2021,BLAU3
p_ativocirculante,"-1,21","-4,83",75.0327223437993,"-10,34",2021,"-1,21",2024,BLAU3
ev_ebitda,"5,42","8,56",-36.680163361582004,"5,42",2024,"12,53",2021,BLAU3
ev_ebit,"6,15","9,14",-32.713121499006256,"6,15",2024,"13,10",2021,BLAU3
lpa,"1,33","1,73",-23.392581255324373,"1,33",2024,"2,02",2022,BLAU3
vpa,"11,26","10,39",8.388214904679376,"9,12",2021,"11,26",2024,BLAU3
peg_Ratio,"-0,24","4,84",-104.93929629477316,"-0,24",2024,"9,91",2023,BLAU3
dividaliquida_patrimonioliquido,"0,08","0,39",-79.71014492753623,"-0,34",2021,"2,15",2020,BLAU3
dividaliquida_ebitda,"0,42","-0,48",188.1118881118881,"-1,15",2021,"0,42",2024,BLAU3
dividaliquida_ebit,"0,48","0,19",152.6315789473684,"-1,20",2021,"1,22",2020,BLAU3
patrimonio_ativo,"0,64","0,52",23.076923076923077,"0,17",2020,"0,73",2022,BLAU3
passivo_ativo,"0,36","0,48",-25.222551928783382,"0,27",2022,"0,83",2020,BLAU3
liquidezcorrente,"3,82","3,50",9.098327213382293,"1,91",2019,"4,95",2021,BLAU3
margembruta,"34,09%","42,90%",-20.538776597515902,"34,09%",2024,"48,74%",2021,BLAU3
margemebitda,"25,17%","31,28%",-19.533248081841432,"25,17%",2024,"34,95%",2021,BLAU3
margemebit,"22,18%","28,78%",-22.93641733260535,"22,18%",2024,"33,42%",2021,BLAU3
margemliquida,"16,14%","20,24%",-20.25691699604743,"15,76%",2018,"25,78%",2022,BLAU3
roe,"11,78%","44,21%",-73.35616659665902,"11,78%",2024,"114,90%",2020,BLAU3
roa,"7,53%","16,01%",-52.954302034987506,"7,53%",2024,"27,12%",2019,BLAU3
roic,"9,18%","21,97%",-58.2184655396619,"9,18%",2024,"39,54%",2019,BLAU3
giro_ativos,"0,47","0,81",-41.666666666666664,"0,45",2023,"1,32",2019,BLAU3
receitas_cagr5,"11,91%","11,91%",0.0,"11,91%",2024,"11,91%",2024,BLAU3
lucros_cagr5,"14,06%","14,62%",-3.830369357045144,"14,06%",2024,"15,18%",2023,BLAU3
dy,"3,54%","3,18%",11.1199416287815,"1,44%",2019,"6,48%",2021,CSAN3
p_l,"13,25","14,96",-11.409951163595982,"-78,52",2023,"68,83",2013,CSAN3
p_vp,"1,16","1,77",-34.78045619387636,"1,16",2024,"2,76",2021,CSAN3
p_ebita,"1,55","5,54",-71.96857388945969,"1,55",2024,"10,24",2013,CSAN3
p_ebit,"2,01","6,83",-70.50258779514832,"2,01",2024,"15,61",2013,CSAN3
p_sr,"0,60","1,66",-63.71382387838977,"0,47",2011,"3,71",2012,CSAN3
p_ativo,"0,17","0,48",-65.0475011558366,"0,17",2024,"0,84",2019,CSAN3
p_capitlgiro,"1,71","6,09",-71.89865519449599,"1,71",2024,"17,72",2013,CSAN3
p_ativocirculante,"-0,22","-0,64",66.19838515873283,"-1,29",2019,"-0,22",2024,CSAN3
ev_ebitda,"4,76","8,69",-45.26218368801102,"4,76",2024,"16,04",2013,CSAN3
ev_ebit,"6,17","10,48",-41.12214650162667,"4,06",2011,"24,44",2013,CSAN3
lpa,"0,96","2,38",-59.50850661625709,"-0,25",2023,"6,40",2011,CSAN3
vpa,"11,03","19,73",-44.08973533880962,"7,87",2021,"27,52",2020,CSAN3
peg_Ratio,"-0,02","0,22",-107.16704438277719,"-1,10",2013,"1,63",2014,CSAN3
dividaliquida_patrimonioliquido,"2,39","1,13",111.15405853119823,"0,37",2012,"2,39",2024,CSAN3
dividaliquida_ebitda,"3,20","2,95",8.597285067873303,"1,69",2012,"5,80",2013,CSAN3
dividaliquida_ebit,"4,16","3,63",14.5413870246085,"1,42",2011,"8,84",2013,CSAN3
patrimonio_ativo,"0,14","0,29",-50.87719298245614,"0,14",2024,"0,42",2012,CSAN3
passivo_ativo,"0,64","0,63",1.6881827209533267,"0,54",2014,"0,70",2021,CSAN3
liquidezcorrente,"1,79","2,10",-14.812611540749554,"1,15",2009,"7,77",2012,CSAN3
margembruta,"28,70%","25,83%",11.129933931899034,"10,70%",2011,"39,18%",2016,CSAN3
margemebitda,"38,84%","29,65%",31.017034913138808,"10,81%",2009,"43,90%",2012,CSAN3
margemebit,"29,94%","23,71%",26.27583298186419,"6,64%",2009,"37,37%",2017,CSAN3
margemliquida,"4,55%","9,77%",-53.41098169717138,"2,77%",2023,"24,58%",2021,CSAN3
roe,"8,74%","14,70%",-40.523987750935696,"2,40%",2013,"41,54%",2021,CSAN3
roa,"1,26%","4,20%",-69.96871741397288,"0,69%",2013,"13,90%",2011,CSAN3
roic,"9,71%","9,94%",-2.2954531161562164,"3,94%",2013,"21,87%",2011,CSAN3
giro_ativos,"0,28","0,46",-39.703903095558545,"0,18",2013,"1,29",2009,CSAN3
receitas_cagr5,"30,82%","11,22%",174.59906042442896,"-20,26%",2016,"38,66%",2022,CSAN3
lucros_cagr5,"1,80%","10,36%",-82.62395787626151,"-22,51%",2014,"52,71%",2019,CSAN3
dy,"7,10%","6,79%",4.599173692802208,"2,65%",2016,"12,01%",2022,BBAS3
p_l,"4,53","6,53",-30.646948959863977,"3,00",2015,"11,45",2016,BBAS3
p_vp,"0,90","1,00",-10.625129239962066,"0,58",2021,"1,53",2019,BBAS3
p_ebita,"0,00","10,01",0.0,"10,01",2019,"10,01",2019,BBAS3
p_ebit,"3,77","5,64",-33.17728673878231,"2,60",2022,"13,59",2019,BBAS3
p_sr,"0,59","0,69",-15.140140656258378,"0,23",2015,"1,23",2019,BBAS3
p_ativo,"0,07","0,06",8.779491833030853,"0,03",2015,"0,10",2019,BBAS3
p_capitlgiro,"2,21","0,27",730.6142730520265,"-1,26",2011,"2,77",2023,BBAS3
p_ativocirculante,"-0,07","-0,11",37.66641547349912,"-0,20",2019,"-0,04",2021,BBAS3
ev_ebitda,"0,00","10,01",0.0,"10,01",2019,"10,01",2019,BBAS3
ev_ebit,"3,77","5,64",-33.222856332636205,"2,60",2022,"13,59",2019,BBAS3
lpa,"6,03","5,52",9.141896696619044,"2,45",2016,"11,62",2023,BBAS3
vpa,"30,49","33,81",-9.805620917159281,"20,33",2011,"57,82",2023,BBAS3
peg_Ratio,"0,66","0,02",2742.8665285966194,"-0,93",2013,"0,66",2024,BBAS3
dividaliquida_patrimonioliquido,"0,00","0,00",0.0,"0,00",0,"0,00",0,BBAS3
dividaliquida_ebitda,"0,00","0,00",0.0,"0,00",0,"0,00",0,BBAS3
dividaliquida_ebit,"0,00","0,00",0.0,"0,00",0,"0,00",0,BBAS3
patrimonio_ativo,"0,08","0,07",18.81188118811881,"0,06",2016,"0,08",2024,BBAS3
passivo_ativo,"0,92","0,92",-0.07241129616220131,"0,87",2019,"0,94",2016,BBAS3
liquidezcorrente,"17,64","25,20",-30.005555114673438,"0,07",2019,"56,87",2020,BBAS3
margembruta,"35,03%","32,04%",9.33848344745518,"12,32%",2015,"56,18%",2020,BBAS3
margemebitda,"0,00%","12,29%",0.0,"12,29%",2019,"12,29%",2019,BBAS3
margemebit,"15,59%","14,62%",6.60740234208052,"5,56%",2015,"29,03%",2009,BBAS3
margemliquida,"12,98%","11,77%",10.286230152408264,"3,99%",2016,"19,88%",2009,BBAS3
roe,"19,77%","16,46%",20.085037456975098,"8,14%",2016,"33,25%",2009,BBAS3
roa,"1,51%","1,10%",36.77536231884058,"0,51%",2016,"1,91%",2009,BBAS3
roic,"0,00%","0,00%",0.0,"0,00%",0,"0,00%",0,BBAS3
giro_ativos,"0,12","0,10",20.80536912751678,"0,06",2021,"0,13",2016,BBAS3
receitas_cagr5,"17,16%","7,41%",131.6073619631902,"-11,56%",2020,"17,16%",2024,BBAS3
lucros_cagr5,"20,11%","7,85%",156.29706870582783,"-11,14%",2016,"23,06%",2022,BBAS3
dy,"9,01%","5,52%",63.158833842764274,"1,89%",2014,"9,01%",2024,ITSA4
p_l,"7,11","8,66",-17.892192027282636,"5,24",2015,"13,98",2020,ITSA4
p_vp,"1,25","1,46",-14.43273779272059,"1,04",2015,"2,15",2019,ITSA4
p_ebita,"6,38","7,60",-16.058768595367436,"5,03",2022,"11,81",2020,ITSA4
p_ebit,"6,92","8,11",-14.746437893680426,"5,13",2015,"12,77",2020,ITSA4
p_sr,"13,22","13,05",1.3385267338612123,"8,97",2013,"23,66",2019,ITSA4
p_ativo,"0,97","1,08",-10.231075591605203,"0,16",2011,"1,76",2019,ITSA4
p_capitlgiro,"12,45","20,30",-38.70442996916851,"1,04",2011,"32,61",2017,ITSA4
p_ativocirculante,"-1,10","-1,23",10.538443723946271,"-1,94",2019,"-0,41",2011,ITSA4
ev_ebitda,"6,63","7,87",-15.736386964712164,"5,45",2022,"12,19",2020,ITSA4
ev_ebit,"7,18","5,46",31.457761731908203,"-12,61",2012,"13,17",2020,ITSA4
lpa,"1,37","1,19",14.597567171762455,"0,84",2020,"1,41",2022,ITSA4
vpa,"7,79","6,91",12.715611486322336,"6,19",2012,"7,79",2024,ITSA4
peg_Ratio,"0,65","-1,60",140.6846745213826,"-12,25",2017,"0,65",2024,ITSA4
dividaliquida_patrimonioliquido,"0,05","-1,10",104.56498388829216,"-4,16",2008,"0,08",2022,ITSA4
dividaliquida_ebitda,"0,24","0,21",15.384615384615385,"0,05",2019,"0,34",2022,ITSA4
dividaliquida_ebit,"0,26","-0,79",132.76501111934766,"-23,65",2012,"15,21",2008,ITSA4
patrimonio_ativo,"0,77","0,59",30.378486055776893,"0,08",2012,"0,83",2018,ITSA4
passivo_ativo,"0,19","0,37",-49.05362776025237,"0,12",2018,"0,91",2012,ITSA4
liquidezcorrente,"2,71","8,53",-68.24072797463118,"1,18",2008,"60,18",2012,ITSA4
margembruta,"29,75%","31,59%",-5.822874380842427,"22,32%",2016,"78,73%",2008,ITSA4
margemebitda,"207,22%","189,19%",9.530102013848513,"142,02%",2020,"234,03%",2019,ITSA4
margemebit,"191,18%","93,33%",104.84173904274495,"-325,03%",2009,"219,53%",2019,ITSA4
margemliquida,"185,92%","139,51%",33.26868019041756,"35,04%",2008,"205,91%",2019,ITSA4
roe,"17,58%","16,81%",4.606230311515576,"9,97%",2008,"20,17%",2014,ITSA4
roa,"13,60%","10,22%",33.133709547391454,"0,88%",2008,"16,28%",2014,ITSA4
roic,"14,88%","3,16%",370.44820531895107,"-65,54%",2009,"18,16%",2014,ITSA4
giro_ativos,"0,07","0,07",4.385964912280702,"0,01",2012,"0,13",2013,ITSA4
receitas_cagr5,"6,55%","3,26%",100.66377329588971,"-2,33%",2016,"11,75%",2021,ITSA4
lucros_cagr5,"8,43%","10,16%",-16.99351768277673,"-4,47%",2020,"24,17%",2013,ITSA4
dy,"12,88%","7,74%",66.42033510336408,"1,07%",2013,"17,54%",2022,AGRO3
p_l,"10,82","9,59",12.806184492443107,"4,89",2020,"23,02",2016,AGRO3
p_vp,"1,31","1,20",9.058588252722021,"0,96",2016,"1,50",2022,AGRO3
p_ebita,"0,00","11,12",0.0,"3,08",2020,"42,35",2016,AGRO3
p_ebit,"15,10","-370,73",104.07357611747771,"-3.397,96",2016,"15,10",2024,AGRO3
p_sr,"2,34","2,02",15.387656273163019,"1,27",2020,"3,41",2016,AGRO3
p_ativo,"0,77","0,78",-1.278860183675221,"0,69",2018,"0,91",2022,AGRO3
p_capitlgiro,"4,12","5,13",-19.800301798885897,"2,46",2021,"11,34",2017,AGRO3
p_ativocirculante,"-1,21","-1,20",-0.42782824036000405,"-1,60",2021,"-1,00",2018,AGRO3
ev_ebitda,"0,00","10,83",0.0,"3,56",2021,"37,78",2016,AGRO3
ev_ebit,"20,05","-328,74",106.09862297357711,"-3.030,84",2016,"20,05",2024,AGRO3
lpa,"2,31","2,83",-18.586966757698466,"0,48",2016,"5,11",2020,AGRO3
vpa,"19,06","17,56",8.55102064059101,"11,54",2016,"23,95",2021,AGRO3
peg_Ratio,"0,03","0,00",596.9367446679935,"-0,25",2023,"0,12",2018,AGRO3
dividaliquida_patrimonioliquido,"0,43","0,03",1198.1132075471698,"-0,44",2009,"0,44",2020,AGRO3
dividaliquida_ebitda,"0,00","2,25",0.0,"-5,19",2010,"34,23",2015,AGRO3
dividaliquida_ebit,"4,95","23,96",-79.3384117708442,"-12,13",2010,"367,12",2016,AGRO3
patrimonio_ativo,"0,59","0,71",-16.31205673758865,"0,55",2020,"0,86",2009,AGRO3
passivo_ativo,"0,41","0,29",39.872068230277186,"0,13",2009,"0,45",2020,AGRO3
liquidezcorrente,"2,04","2,25",-9.232480533926585,"1,09",2017,"4,30",2009,AGRO3
margembruta,"27,98%","15,06%",85.73621540887027,"-215,40%",2009,"54,48%",2014,AGRO3
margemebitda,"0,00%","-6,52%",0.0,"-367,58%",2009,"48,10%",2014,AGRO3
margemebit,"15,46%","-14,52%",206.51050637271788,"-472,16%",2009,"42,16%",2014,AGRO3
margemliquida,"21,58%","5,59%",286.1760429482161,"-191,82%",2009,"48,27%",2014,AGRO3
roe,"12,09%","11,33%",6.696083838940981,"-3,22%",2009,"30,97%",2014,AGRO3
roa,"7,08%","7,36%",-3.8288479497410646,"-2,77%",2009,"21,83%",2014,AGRO3
roic,"5,06%","6,83%",-25.921859273492544,"-9,24%",2009,"21,05%",2014,AGRO3
giro_ativos,"0,33","0,33",-0.9380863039399625,"0,01",2009,"0,60",2020,AGRO3
receitas_cagr5,"27,22%","33,33%",-18.320693982213978,"3,37%",2016,"108,05%",2014,AGRO3
lucros_cagr5,"13,38%","31,13%",-57.02067857859868,"-11,53%",2015,"108,88%",2020,AGRO3
dy,"4,08%","6,44%",-36.62967685800819,"2,36%",2012,"20,33%",2021,CPLE6
p_l,"14,55","9,41",54.56075824664571,"3,56",2021,"19,47",2022,CPLE6
p_vp,"1,14","0,81",39.858728557013116,"0,45",2017,"1,33",2023,CPLE6
p_ebita,"0,00","4,57",0.0,"3,99",2020,"5,60",2012,CPLE6
p_ebit,"8,11","5,89",37.62170944938221,"3,13",2015,"10,36",2023,CPLE6
p_sr,"1,29","0,91",41.46218975352914,"0,44",2015,"1,40",2023,CPLE6
p_ativo,"0,50","0,39",29.82774252039891,"0,21",2017,"0,56",2011,CPLE6
p_capitlgiro,"7,24","-30,59",123.66396562594868,"-484,14",2018,"11,70",2020,CPLE6
p_ativocirculante,"-0,67","-0,49",-35.71740713765477,"-0,73",2023,"-0,25",2017,CPLE6
ev_ebitda,"0,00","0,00",0.0,"0,00",0,"0,00",0,CPLE6
ev_ebit,"11,42","9,99",14.23783248372912,"4,75",2021,"13,24",2023,CPLE6
lpa,"0,64","4,05",-84.189811101926,"0,41",2022,"14,27",2020,CPLE6
vpa,"8,19","40,71",-79.89368012352348,"7,61",2022,"72,94",2020,CPLE6
peg_Ratio,"0,20","-0,45",145.31901636148564,"-5,09",2015,"0,66",2014,CPLE6
dividaliquida_patrimonioliquido,"0,38","0,30",25.1937984496124,"-0,04",2010,"0,59",2018,CPLE6
dividaliquida_ebitda,"0,00","0,88",0.0,"-0,26",2010,"2,07",2019,CPLE6
dividaliquida_ebit,"2,70","2,08",30.102040816326532,"-0,39",2010,"4,08",2017,CPLE6
patrimonio_ativo,"0,44","0,51",-13.526011560693641,"0,42",2023,"0,63",2009,CPLE6
passivo_ativo,"0,55","0,48",13.746958637469586,"0,35",2009,"0,58",2023,CPLE6
liquidezcorrente,"1,39","1,48",-5.762711864406779,"0,93",2017,"2,10",2009,CPLE6
margembruta,"21,53%","24,51%",-12.166734659595402,"18,89%",2014,"36,36%",2008,CPLE6
margemebitda,"0,00%","23,69%",0.0,"16,93%",2014,"33,64%",2008,CPLE6
margemebit,"15,88%","16,60%",-4.340739165869388,"11,76%",2012,"26,75%",2008,CPLE6
margemliquida,"8,85%","11,69%",-24.267592872244034,"5,07%",2022,"20,95%",2020,CPLE6
roe,"7,83%","9,75%",-19.68746229033426,"5,34%",2022,"22,68%",2021,CPLE6
roa,"3,45%","4,87%",-29.1409931134469,"2,24%",2022,"10,00%",2021,CPLE6
roic,"7,72%","7,27%",6.172639754065205,"4,70%",2013,"12,31%",2021,CPLE6
giro_ativos,"0,39","0,42",-7.66016713091922,"0,34",2008,"0,54",2014,CPLE6
receitas_cagr5,"9,35%","10,45%",-10.490626246509773,"3,14%",2019,"17,37%",2014,CPLE6
lucros_cagr5,"13,08%","10,66%",22.692097240678496,"-5,00%",2016,"40,78%",2021,CPLE6
dy,"3,52%","2,71%",30.101428122748352,"1,26%",2021,"3,88%",2023,FIQE3
p_l,"9,81","15,39",-36.26142695437663,"9,81",2024,"29,67",2021,FIQE3
p_vp,"1,21","1,62",-24.819665025850593,"1,21",2024,"2,49",2021,FIQE3
p_ebita,"0,00","6,21",0.0,"3,57",2023,"10,86",2021,FIQE3
p_ebit,"5,85","9,74",-39.915815409886555,"5,85",2024,"18,43",2021,FIQE3
p_sr,"1,45","2,62",-44.432135080414106,"1,45",2024,"5,22",2021,FIQE3
p_ativo,"0,66","0,90",-26.39308376513619,"0,66",2024,"1,48",2021,FIQE3
p_capitlgiro,"6,51","5,64",15.389527458492976,"4,36",2022,"7,17",2023,FIQE3
p_ativocirculante,"-0,94","-1,53",38.617892799557,"-3,00",2021,"-0,94",2024,FIQE3
ev_ebitda,"0,00","5,34",0.0,"3,36",2023,"9,02",2021,FIQE3
ev_ebit,"5,47","8,50",-35.662213386894244,"5,47",2024,"15,30",2021,FIQE3
lpa,"0,37","0,33",13.020833333333334,"0,22",2021,"0,37",2024,FIQE3
vpa,"2,98","2,84",4.920859764734865,"2,65",2021,"2,98",2024,FIQE3
peg_Ratio,"3,80","2,78",36.324416010699125,"1,77",2023,"3,80",2024,FIQE3
dividaliquida_patrimonioliquido,"-0,08","0,04",-322.22222222222223,"-0,42",2021,"0,95",2020,FIQE3
dividaliquida_ebitda,"0,00","-0,45",0.0,"-1,85",2021,"0,82",2020,FIQE3
dividaliquida_ebit,"-0,38","-0,74",48.50948509485095,"-3,13",2021,"1,26",2020,FIQE3
patrimonio_ativo,"0,55","0,49",11.336032388663968,"0,26",2020,"0,59",2021,FIQE3
passivo_ativo,"0,45","0,51",-11.067193675889328,"0,41",2021,"0,74",2020,FIQE3
liquidezcorrente,"1,53","1,69",-9.360189573459715,"0,71",2020,"2,82",2021,FIQE3
margembruta,"46,43%","46,84%",-0.8795525383203109,"44,70%",2023,"49,10%",2021,FIQE3
margemebitda,"0,00%","48,27%",0.0,"47,28%",2020,"49,64%",2022,FIQE3
margemebit,"24,85%","27,13%",-8.410732714138287,"24,84%",2023,"30,87%",2020,FIQE3
margemliquida,"14,83%","16,90%",-12.26928537624231,"14,83%",2024,"19,19%",2022,FIQE3
roe,"12,38%","17,74%",-30.19846639603067,"8,40%",2021,"42,94%",2020,FIQE3
roa,"6,77%","7,22%",-6.258654112434229,"4,98%",2021,"11,07%",2020,FIQE3
roic,"11,91%","12,89%",-7.6314564913913445,"7,68%",2021,"22,95%",2020,FIQE3
giro_ativos,"0,46","0,43",6.976744186046512,"0,28",2021,"0,63",2020,FIQE3
receitas_cagr5,"0,00%","0,00%",0.0,"0,00%",0,"0,00%",0,FIQE3
lucros_cagr5,"0,00%","0,00%",0.0,"0,00%",0,"0,00%",0,FIQE3
dy,"3,41%","6,82%",-50.006807580083326,"3,41%",2024,"11,76%",2013,VIVT3
p_l,"17,26","13,16",31.18450122407326,"5,55",2011,"18,13",2023,VIVT3
p_vp,"1,09","0,99",9.54315669876243,"0,56",2015,"1,27",2023,VIVT3
p_ebita,"0,00","4,15",0.0,"3,34",2022,"4,57",2019,VIVT3
p_ebit,"9,75","9,29",4.911446356949945,"4,17",2011,"11,95",2020,VIVT3
p_sr,"1,44","1,47",-2.1244065733414486,"0,83",2011,"1,87",2019,VIVT3
p_ativo,"0,60","0,62",-3.485793961004823,"0,37",2011,"0,77",2019,VIVT3
p_capitlgiro,"312,75","-21,03",1587.3023453937603,"-527,27",2015,"312,75",2024,VIVT3
p_ativocirculante,"-0,74","-0,77",2.970942303574255,"-0,93",2019,"-0,45",2011,VIVT3
ev_ebitda,"0,00","5,70",0.0,"5,70",2019,"5,70",2019,VIVT3
ev_ebit,"11,29","10,30",9.615809073460314,"4,98",2011,"14,33",2019,VIVT3
lpa,"2,62","3,66",-28.36573214809026,"2,42",2016,"8,60",2011,VIVT3
vpa,"41,55","45,51",-8.702669200256958,"38,11",2013,"85,58",2011,VIVT3
peg_Ratio,"-0,76","0,41",-286.11758422038326,"-1,66",2023,"4,89",2012,VIVT3
dividaliquida_patrimonioliquido,"0,17","0,10",70.0,"0,02",2012,"0,25",2022,VIVT3
dividaliquida_ebitda,"0,00","0,61",0.0,"0,42",2020,"0,88",2022,VIVT3
dividaliquida_ebit,"1,54","0,84",83.33333333333333,"0,08",2010,"2,58",2022,VIVT3
patrimonio_ativo,"0,55","0,62",-11.379657603222558,"0,51",2008,"0,70",2018,VIVT3
passivo_ativo,"0,45","0,38",18.81188118811881,"0,30",2018,"0,49",2008,VIVT3
liquidezcorrente,"1,01","1,00",0.6853582554517134,"0,78",2022,"1,20",2012,VIVT3
margembruta,"43,43%","47,42%",-8.40508150758008,"41,74%",2009,"53,08%",2017,VIVT3
margemebitda,"0,00%","41,30%",0.0,"40,14%",2022,"43,17%",2021,VIVT3
margemebit,"14,73%","17,28%",-14.751140464356233,"13,01%",2015,"23,40%",2008,VIVT3
margemliquida,"8,32%","12,32%",-32.461082991118325,"8,32%",2024,"20,54%",2018,VIVT3
roe,"6,30%","10,51%",-40.064216910453084,"4,99%",2015,"23,31%",2008,VIVT3
roa,"3,49%","6,35%",-45.05559382072223,"3,36%",2015,"12,01%",2010,VIVT3
roic,"7,85%","9,54%",-17.752602972955273,"5,42%",2015,"18,75%",2008,VIVT3
giro_ativos,"0,42","0,50",-15.258511979823455,"0,38",2021,"0,79",2010,VIVT3
receitas_cagr5,"3,69%","7,36%",-49.88682661837936,"0,71%",2021,"20,59%",2015,VIVT3
lucros_cagr5,"-13,48%","3,47%",-488.19294456443487,"-13,48%",2024,"19,16%",2018,VIVT3
